variant,scenario,repeat,sequence,direction,expected_image,matched,interval_ms,latency_ms,received_latency_ms,readback_ms,capture_error,cpu_cached,gpu_cached,loaded_ms,submitted_ms,process_rss_mib_at_end
vysyn-before,slow,0,0,right,1,True,1000.0,262.066965,264.895701,2.828736,0.0,False,,237.256,253.55,164.59375
vysyn-before,slow,0,1,right,2,True,1000.0,272.264125,276.336074,4.071949,0.0,False,,233.063,263.563,164.59375
vysyn-before,slow,0,2,right,3,True,1000.0,31.130558,34.63442,3.503862,0.0,True,,0.025,22.911,164.59375
vysyn-before,slow,0,3,right,0,True,1000.0,42.613404,46.238309,3.624905,0.0,True,,0.016,34.798,164.59375
vysyn-before,slow,0,4,right,1,True,1000.0,307.05848,310.62696,3.56848,0.0,False,,264.891,293.355,164.59375
vysyn-before,slow,0,5,right,2,True,1000.0,277.869808,281.796209,3.926401,0.0,False,,232.107,269.194,164.59375
vysyn-before,slow,0,6,right,3,True,1000.0,31.932449,34.924397,2.991948,0.0,True,,0.018,22.808,164.59375
vysyn-before,slow,0,7,right,0,True,1000.0,37.189425,40.659365,3.46994,0.0,True,,0.018,29.484,164.59375
vysyn-before,slow,0,8,right,1,True,1000.0,314.619243,317.528799,2.909556,0.0,False,,283.763,307.003,164.59375
vysyn-before,slow,0,9,right,2,True,1000.0,290.268832,294.284788,4.015956,0.0,False,,237.938,263.817,164.59375
vysyn-before,slow,0,10,right,3,True,1000.0,226.915968,230.567332,3.651364,0.0,False,,200.707,218.661,164.59375
vysyn-before,slow,0,11,right,0,True,1000.0,36.859891,40.003599,3.143708,0.0,True,,0.017,28.94,164.59375
vysyn-before,slow,0,12,right,1,True,1000.0,302.867288,306.222436,3.355148,0.0,False,,277.471,294.727,164.59375
vysyn-before,slow,0,13,right,2,True,1000.0,178.464352,182.311368,3.847016,0.0,False,,146.515,170.138,164.59375
vysyn-before,slow,0,14,right,3,True,1000.0,30.618031,33.877633,3.259602,0.0,True,,0.018,22.761,164.59375
vysyn-before,slow,0,15,right,0,True,1000.0,37.223866,40.568425,3.344559,0.0,True,,0.017,28.811,164.59375
vysyn-before,fast,0,0,right,1,False,250.0,,,,,,,,,160.51953125
vysyn-before,fast,0,1,right,2,False,250.0,,,,,,,,,160.51953125
vysyn-before,fast,0,2,right,3,True,250.0,235.628933,238.960208,3.331275,0.0,False,,199.985,226.425,160.51953125
vysyn-before,fast,0,3,right,0,False,250.0,,,,,,,,,160.51953125
vysyn-before,fast,0,4,right,1,False,250.0,,,,,,,,,160.51953125
vysyn-before,fast,0,5,right,2,True,250.0,169.57429,173.263385,3.689095,0.0,False,,142.338,161.162,160.51953125
vysyn-before,fast,0,6,right,3,False,250.0,,,,,,,,,160.51953125
vysyn-before,fast,0,7,right,0,True,250.0,208.03163,210.877789,2.846159,0.0,False,,176.315,199.528,160.51953125
vysyn-before,fast,0,8,right,1,False,250.0,,,,,,,,,160.51953125
vysyn-before,fast,0,9,right,2,True,250.0,185.42444,188.927251,3.502811,0.0,False,,151.605,176.767,160.51953125
vysyn-before,fast,0,10,right,3,True,250.0,201.973956,205.883067,3.909111,0.0,False,,122.116,194.074,160.51953125
vysyn-before,fast,0,11,right,0,False,250.0,,,,,,,,,160.51953125
vysyn-before,fast,0,12,right,1,False,250.0,,,,,,,,,160.51953125
vysyn-before,fast,0,13,right,2,True,250.0,177.066327,180.787802,3.721475,0.0,False,,151.449,168.384,160.51953125
vysyn-before,fast,0,14,right,3,True,250.0,194.228925,197.894647,3.665722,0.0,False,,124.977,185.962,160.51953125
vysyn-before,fast,0,15,right,0,True,250.0,331.034777,334.440169,3.405392,0.0,False,,175.14,322.466,160.51953125
vysyn-before,alternating,0,0,right,1,True,350.0,302.36793,305.531836,3.163906,0.0,False,,271.943,293.771,232.0
vysyn-before,alternating,0,1,left,0,True,350.0,351.465006,355.080856,3.61585,0.0,False,,176.827,343.458,232.0
vysyn-before,alternating,0,2,right,1,False,350.0,,,,,,,,,232.0
vysyn-before,alternating,0,3,left,0,True,350.0,199.258074,202.518609,3.260535,0.0,False,,173.751,191.351,232.0
vysyn-before,alternating,0,4,right,1,True,350.0,196.694385,199.936265,3.24188,0.0,False,,172.376,189.441,232.0
vysyn-before,alternating,0,5,left,0,True,350.0,224.353619,227.794146,3.440527,0.0,False,,177.562,217.363,232.0
vysyn-before,alternating,0,6,right,1,True,350.0,242.960175,246.023215,3.06304,0.0,False,,172.495,235.514,232.0
vysyn-before,alternating,0,7,left,0,True,350.0,275.662621,278.975362,3.312741,0.0,False,,176.873,268.078,232.0
vysyn-before,alternating,0,8,right,1,True,350.0,296.783618,300.598716,3.815098,0.0,False,,174.716,288.929,232.0
vysyn-before,alternating,0,9,left,0,True,350.0,326.364568,329.74311,3.378542,0.0,False,,178.081,318.484,232.0
vysyn-before,alternating,0,10,right,1,True,350.0,337.906459,342.232329,4.32587,0.0,False,,161.967,329.912,232.0
vysyn-before,alternating,0,11,left,0,False,350.0,,,,,False,,177.344,353.734,232.0
vysyn-before,alternating,0,12,right,1,True,350.0,205.370684,208.058722,2.688038,0.0,False,,171.511,193.254,232.0
vysyn-before,alternating,0,13,left,0,True,350.0,23.995836,26.63204,2.636204,0.0,True,,0.018,17.098,232.0
vysyn-before,alternating,0,14,right,1,True,350.0,24.527437,27.070478,2.543041,0.0,True,,0.016,17.342,232.0
vysyn-before,alternating,0,15,left,0,True,350.0,23.795006,26.178663,2.383657,0.0,True,,0.018,16.859,232.0
vysyn-after,slow,0,0,right,1,True,1000.0,36.764363,39.393393,2.62903,0.0,True,False,0.097,28.397,249.53125
vysyn-after,slow,0,1,right,2,True,1000.0,33.630833,36.521536,2.890703,0.0,True,False,0.039,28.03,249.53125
vysyn-after,slow,0,2,right,3,True,1000.0,34.44177,36.987256,2.545486,0.0,True,False,0.044,27.873,249.53125
vysyn-after,slow,0,3,right,0,True,1000.0,37.562719,40.428506,2.865787,0.0,True,False,0.049,32.664,249.53125
vysyn-after,slow,0,4,right,1,True,1000.0,38.418669,41.00447,2.585801,0.0,True,False,0.04,31.829,249.53125
vysyn-after,slow,0,5,right,2,True,1000.0,35.08006,37.899892,2.819832,0.0,True,False,0.055,28.264,249.53125
vysyn-after,slow,0,6,right,3,True,1000.0,46.245831,50.117484,3.871653,0.0,True,False,0.035,24.152,249.53125
vysyn-after,slow,0,7,right,0,True,1000.0,35.449303,38.495463,3.04616,0.0,True,False,0.057,28.273,249.53125
vysyn-after,slow,0,8,right,1,True,1000.0,30.542541,32.87257,2.330029,0.0,True,False,0.036,23.541,249.53125
vysyn-after,slow,0,9,right,2,True,1000.0,34.456533,37.935482,3.478949,0.0,True,False,0.037,28.233,249.53125
vysyn-after,slow,0,10,right,3,True,1000.0,29.681363,32.255343,2.57398,0.0,True,False,0.039,23.416,249.53125
vysyn-after,slow,0,11,right,0,True,1000.0,34.880668,37.799934,2.919266,0.0,True,False,0.038,28.642,249.53125
vysyn-after,slow,0,12,right,1,True,1000.0,30.348987,32.64301,2.294023,0.0,True,False,0.042,23.625,249.53125
vysyn-after,slow,0,13,right,2,True,1000.0,34.772649,38.287835,3.515186,0.0,True,False,0.067,28.817,249.53125
vysyn-after,slow,0,14,right,3,True,1000.0,30.119565,32.732726,2.613161,0.0,True,False,0.052,23.409,249.53125
vysyn-after,slow,0,15,right,0,True,1000.0,36.234639,39.239463,3.004824,0.0,True,False,0.051,29.099,249.53125
vysyn-after,fast,0,0,right,1,True,250.0,36.659475,39.462767,2.803292,0.0,True,False,0.055,29.086,251.484375
vysyn-after,fast,0,1,right,2,True,250.0,70.019752,73.084938,3.065186,0.0,False,False,34.756,62.759,251.484375
vysyn-after,fast,0,2,right,3,True,250.0,35.389813,37.957391,2.567578,0.0,True,False,0.083,28.684,251.484375
vysyn-after,fast,0,3,right,0,True,250.0,35.088107,37.663539,2.575432,0.0,True,False,0.049,28.199,251.484375
vysyn-after,fast,0,4,right,1,True,250.0,35.651005,38.322936,2.671931,0.0,True,False,0.044,28.698,251.484375
vysyn-after,fast,0,5,right,2,True,250.0,35.408047,38.177317,2.76927,0.0,True,False,0.058,27.979,251.484375
vysyn-after,fast,0,6,right,3,True,250.0,35.571128,38.350998,2.77987,0.0,True,False,0.059,28.903,251.484375
vysyn-after,fast,0,7,right,0,True,250.0,34.669034,37.363967,2.694933,0.0,True,False,0.053,28.029,251.484375
vysyn-after,fast,0,8,right,1,True,250.0,35.752303,38.173791,2.421488,0.0,True,False,0.054,28.706,251.484375
vysyn-after,fast,0,9,right,2,True,250.0,35.028497,38.208475,3.179978,0.0,True,False,0.039,27.866,251.484375
vysyn-after,fast,0,10,right,3,True,250.0,35.732286,38.717916,2.98563,0.0,True,False,0.056,28.734,251.484375
vysyn-after,fast,0,11,right,0,True,250.0,35.212207,37.722238,2.510031,0.0,True,False,0.036,28.021,251.484375
vysyn-after,fast,0,12,right,1,True,250.0,35.89664,38.524079,2.627439,0.0,True,False,0.039,28.807,251.484375
vysyn-after,fast,0,13,right,2,True,250.0,35.15399,38.191585,3.037595,0.0,True,False,0.053,27.928,251.484375
vysyn-after,fast,0,14,right,3,True,250.0,35.731626,38.303112,2.571486,0.0,True,False,0.082,28.578,251.484375
vysyn-after,fast,0,15,right,0,True,250.0,34.358332,36.988025,2.629693,0.0,True,False,0.036,27.959,251.484375
vysyn-after,alternating,0,0,right,1,True,350.0,38.127219,40.846517,2.719298,0.0,True,False,0.056,29.51,250.171875
vysyn-after,alternating,0,1,left,0,True,350.0,5.649996,8.7357,3.085704,0.0,True,True,0.041,2.08,250.171875
vysyn-after,alternating,0,2,right,1,True,350.0,5.899777,17.294465,11.394688,0.0,True,True,0.04,0.639,250.171875
vysyn-after,alternating,0,3,left,0,True,350.0,4.938764,7.516831,2.578067,0.0,True,True,0.039,0.793,250.171875
vysyn-after,alternating,0,4,right,1,True,350.0,5.302475,8.086583,2.784108,0.0,True,True,0.056,0.587,250.171875
vysyn-after,alternating,0,5,left,0,True,350.0,5.596798,8.299827,2.703029,0.0,True,True,0.043,0.883,250.171875
vysyn-after,alternating,0,6,right,1,True,350.0,5.523343,8.304074,2.780731,0.0,True,True,0.061,0.865,250.171875
vysyn-after,alternating,0,7,left,0,True,350.0,5.61966,8.616882,2.997222,0.0,True,True,0.069,0.857,250.171875
vysyn-after,alternating,0,8,right,1,True,350.0,5.430282,8.119775,2.689493,0.0,True,True,0.05,0.632,250.171875
vysyn-after,alternating,0,9,left,0,True,350.0,5.378987,8.086213,2.707226,0.0,True,True,0.081,0.793,250.171875
vysyn-after,alternating,0,10,right,1,True,350.0,5.46747,8.122449,2.654979,0.0,True,True,0.067,0.843,250.171875
vysyn-after,alternating,0,11,left,0,True,350.0,5.396589,8.129463,2.732874,0.0,True,True,0.045,0.618,250.171875
vysyn-after,alternating,0,12,right,1,True,350.0,5.342399,8.074221,2.731822,0.0,True,True,0.073,0.7,250.171875
vysyn-after,alternating,0,13,left,0,True,350.0,5.919374,8.844271,2.924897,0.0,True,True,0.045,0.71,250.171875
vysyn-after,alternating,0,14,right,1,True,350.0,5.864342,8.435938,2.571596,0.0,True,True,0.044,0.752,250.171875
vysyn-after,alternating,0,15,left,0,True,350.0,5.023471,7.817527,2.794056,0.0,True,True,0.042,0.736,250.171875
vysyn-after,slow,1,0,right,1,True,1000.0,37.286604,39.973212,2.686608,0.0,True,False,0.103,28.888,250.08203125
vysyn-after,slow,1,1,right,2,True,1000.0,34.962737,38.241808,3.279071,0.0,True,False,0.058,27.659,250.08203125
vysyn-after,slow,1,2,right,3,True,1000.0,35.658731,38.111698,2.452967,0.0,True,False,0.063,28.402,250.08203125
vysyn-after,slow,1,3,right,0,True,1000.0,35.165442,37.61346,2.448018,0.0,True,False,0.053,29.471,250.08203125
vysyn-after,slow,1,4,right,1,True,1000.0,30.265059,32.754844,2.489785,0.0,True,False,0.033,23.24,250.08203125
vysyn-after,slow,1,5,right,2,True,1000.0,31.700138,34.983297,3.283159,0.0,True,False,0.036,24.191,250.08203125
vysyn-after,slow,1,6,right,3,True,1000.0,31.490311,34.964093,3.473782,0.0,True,False,0.039,23.731,250.08203125
vysyn-after,slow,1,7,right,0,True,1000.0,26.232146,29.301251,3.069105,0.0,True,False,0.046,18.827,250.08203125
vysyn-after,slow,1,8,right,1,True,1000.0,31.242726,34.13797,2.895244,0.0,True,False,0.046,24.028,250.08203125
vysyn-after,slow,1,9,right,2,True,1000.0,26.906172,30.005212,3.09904,0.0,True,False,0.05,18.542,250.08203125
vysyn-after,slow,1,10,right,3,True,1000.0,29.625071,32.721446,3.096375,0.0,True,False,0.032,23.065,250.08203125
vysyn-after,slow,1,11,right,0,True,1000.0,25.703884,28.075892,2.372008,0.0,True,False,0.047,17.995,250.08203125
vysyn-after,slow,1,12,right,1,True,1000.0,35.416091,38.163813,2.747722,0.0,True,False,0.061,28.452,250.08203125
vysyn-after,slow,1,13,right,2,True,1000.0,30.897061,34.094323,3.197262,0.0,True,False,0.06,23.354,250.08203125
vysyn-after,slow,1,14,right,3,True,1000.0,36.279026,39.334536,3.05551,0.0,True,False,0.046,28.936,250.08203125
vysyn-after,slow,1,15,right,0,True,1000.0,31.25885,33.985072,2.726222,0.0,True,False,0.073,23.617,250.08203125
vysyn-after,fast,1,0,right,1,True,250.0,37.463004,40.050421,2.587417,0.0,True,False,0.043,28.997,251.76171875
vysyn-after,fast,1,1,right,2,True,250.0,73.212046,76.118231,2.906185,0.0,False,False,37.155,65.845,251.76171875
vysyn-after,fast,1,2,right,3,True,250.0,35.914036,38.474432,2.560396,0.0,True,False,0.063,28.404,251.76171875
vysyn-after,fast,1,3,right,0,True,250.0,36.056438,38.658141,2.601703,0.0,True,False,0.059,28.667,251.76171875
vysyn-after,fast,1,4,right,1,True,250.0,35.567997,38.216706,2.648709,0.0,True,False,0.043,28.494,251.76171875
vysyn-after,fast,1,5,right,2,True,250.0,35.827567,38.62465,2.797083,0.0,True,False,0.068,28.481,251.76171875
vysyn-after,fast,1,6,right,3,True,250.0,35.914678,38.784616,2.869938,0.0,True,False,0.059,28.762,251.76171875
vysyn-after,fast,1,7,right,0,True,250.0,36.104338,38.628758,2.52442,0.0,True,False,0.037,28.933,251.76171875
vysyn-after,fast,1,8,right,1,True,250.0,35.552408,37.916833,2.364425,0.0,True,False,0.038,28.726,251.76171875
vysyn-after,fast,1,9,right,2,True,250.0,35.747299,38.628798,2.881499,0.0,True,False,0.046,28.406,251.76171875
vysyn-after,fast,1,10,right,3,True,250.0,35.4658,38.10952,2.64372,0.0,True,False,0.063,28.149,251.76171875
vysyn-after,fast,1,11,right,0,True,250.0,36.071618,38.549412,2.477794,0.0,True,False,0.053,28.522,251.76171875
vysyn-after,fast,1,12,right,1,True,250.0,35.720269,38.127703,2.407434,0.0,True,False,0.069,28.976,251.76171875
vysyn-after,fast,1,13,right,2,True,250.0,35.684655,38.655479,2.970824,0.0,True,False,0.079,28.888,251.76171875
vysyn-after,fast,1,14,right,3,True,250.0,35.912374,38.500782,2.588408,0.0,True,False,0.04,28.97,251.76171875
vysyn-after,fast,1,15,right,0,True,250.0,35.21109,37.480971,2.269881,0.0,True,False,0.04,28.55,251.76171875
vysyn-after,alternating,1,0,right,1,True,350.0,37.58261,40.224517,2.641907,0.0,True,False,0.05,28.911,249.53125
vysyn-after,alternating,1,1,left,0,True,350.0,6.40775,9.28976,2.88201,0.0,True,True,0.12,2.222,249.53125
vysyn-after,alternating,1,2,right,1,True,350.0,5.749645,8.410066,2.660421,0.0,True,True,0.062,0.929,249.53125
vysyn-after,alternating,1,3,left,0,True,350.0,5.684164,8.588646,2.904482,0.0,True,True,0.049,0.642,249.53125
vysyn-after,alternating,1,4,right,1,True,350.0,5.555847,8.321803,2.765956,0.0,True,True,0.074,0.649,249.53125
vysyn-after,alternating,1,5,left,0,True,350.0,5.473235,8.313067,2.839832,0.0,True,True,0.066,0.683,249.53125
vysyn-after,alternating,1,6,right,1,True,350.0,4.878557,7.467967,2.58941,0.0,True,True,0.089,0.645,249.53125
vysyn-after,alternating,1,7,left,0,True,350.0,5.351119,7.947702,2.596583,0.0,True,True,0.086,0.769,249.53125
vysyn-after,alternating,1,8,right,1,True,350.0,5.589209,8.188738,2.599529,0.0,True,True,0.075,0.682,249.53125
vysyn-after,alternating,1,9,left,0,True,350.0,5.548444,8.398155,2.849711,0.0,True,True,0.058,0.63,249.53125
vysyn-after,alternating,1,10,right,1,True,350.0,5.509251,8.254058,2.744807,0.0,True,True,0.07,0.645,249.53125
vysyn-after,alternating,1,11,left,0,True,350.0,5.8069,8.504861,2.697961,0.0,True,True,0.039,0.599,249.53125
vysyn-after,alternating,1,12,right,1,True,350.0,5.61151,8.422069,2.810559,0.0,True,True,0.094,0.976,249.53125
vysyn-after,alternating,1,13,left,0,True,350.0,5.378179,8.342541,2.964362,0.0,True,True,0.06,0.725,249.53125
vysyn-after,alternating,1,14,right,1,True,350.0,6.336999,9.05655,2.719551,0.0,True,True,0.092,0.837,249.53125
vysyn-after,alternating,1,15,left,0,True,350.0,5.590281,8.481138,2.890857,0.0,True,True,0.05,0.692,249.53125
vysyn-before,slow,1,0,right,1,True,1000.0,304.228374,307.229465,3.001091,0.0,False,,274.087,295.591,160.546875
vysyn-before,slow,1,1,right,2,True,1000.0,260.9573,264.742108,3.784808,0.0,False,,228.282,251.959,160.546875
vysyn-before,slow,1,2,right,3,True,1000.0,31.436731,34.714974,3.278243,0.0,True,,0.019,23.052,160.546875
vysyn-before,slow,1,3,right,0,True,1000.0,36.675254,40.334771,3.659517,0.0,True,,0.023,29.298,160.546875
vysyn-before,slow,1,4,right,1,True,1000.0,287.485565,290.577464,3.091899,0.0,False,,256.579,279.619,160.546875
vysyn-before,slow,1,5,right,2,True,1000.0,188.843171,192.37377,3.530599,0.0,False,,157.211,180.707,160.546875
vysyn-before,slow,1,6,right,3,True,1000.0,217.130805,220.488475,3.35767,0.0,False,,190.757,208.101,160.546875
vysyn-before,slow,1,7,right,0,True,1000.0,32.584564,36.063127,3.478563,0.0,True,,0.019,24.743,160.546875
vysyn-before,slow,1,8,right,1,True,1000.0,304.96417,308.388633,3.424463,0.0,False,,273.554,296.774,160.546875
vysyn-before,slow,1,9,right,2,True,1000.0,264.299632,267.942739,3.643107,0.0,False,,236.317,255.912,160.546875
vysyn-before,slow,1,10,right,3,True,1000.0,31.678733,35.21352,3.534787,0.0,True,,0.016,23.071,160.546875
vysyn-before,slow,1,11,right,0,True,1000.0,33.138079,36.323941,3.185862,0.0,True,,0.018,24.638,160.546875
vysyn-before,slow,1,12,right,1,True,1000.0,32.289954,35.706121,3.416167,0.0,True,,0.018,23.532,160.546875
vysyn-before,slow,1,13,right,2,True,1000.0,284.76896,289.276583,4.507623,0.0,False,,251.842,275.795,160.546875
vysyn-before,slow,1,14,right,3,True,1000.0,31.794179,35.180603,3.386424,0.0,True,,0.017,23.145,160.546875
vysyn-before,slow,1,15,right,0,True,1000.0,32.335389,35.54155,3.206161,0.0,True,,0.019,23.728,160.546875
vysyn-before,fast,1,0,right,1,False,250.0,,,,,,,,,158.609375
vysyn-before,fast,1,1,right,2,False,250.0,,,,,,,,,158.609375
vysyn-before,fast,1,2,right,3,True,250.0,240.269885,243.920446,3.650561,0.0,False,,203.461,230.838,158.609375
vysyn-before,fast,1,3,right,0,False,250.0,,,,,,,,,158.609375
vysyn-before,fast,1,4,right,1,False,250.0,,,,,,,,,158.609375
vysyn-before,fast,1,5,right,2,True,250.0,180.38231,184.527124,4.144814,0.0,False,,153.578,171.006,158.609375
vysyn-before,fast,1,6,right,3,False,250.0,,,,,,,,,158.609375
vysyn-before,fast,1,7,right,0,True,250.0,206.455008,209.325269,2.870261,0.0,False,,174.881,198.444,158.609375
vysyn-before,fast,1,8,right,1,False,250.0,,,,,,,,,158.609375
vysyn-before,fast,1,9,right,2,True,250.0,174.351757,177.263554,2.911797,0.0,False,,141.977,165.709,158.609375
vysyn-before,fast,1,10,right,3,False,250.0,,,,,,,,,158.609375
vysyn-before,fast,1,11,right,0,True,250.0,207.282169,210.149354,2.867185,0.0,False,,175.212,198.901,158.609375
vysyn-before,fast,1,12,right,1,False,250.0,,,,,,,,,158.609375
vysyn-before,fast,1,13,right,2,True,250.0,172.904237,176.754737,3.8505,0.0,False,,141.177,164.739,158.609375
vysyn-before,fast,1,14,right,3,True,250.0,183.700624,187.50026,3.799636,0.0,False,,120.692,175.992,158.609375
vysyn-before,fast,1,15,right,0,True,250.0,319.401694,322.591244,3.18955,0.0,False,,177.586,311.683,158.609375
vysyn-before,alternating,1,0,right,1,True,350.0,277.091827,280.449839,3.358012,0.0,False,,251.322,268.239,241.703125
vysyn-before,alternating,1,1,left,0,True,350.0,312.261217,315.586188,3.324971,0.0,False,,177.403,304.369,241.703125
vysyn-before,alternating,1,2,right,1,True,350.0,328.552373,331.523309,2.970936,0.0,False,,169.037,320.752,241.703125
vysyn-before,alternating,1,3,left,0,True,350.0,356.30401,359.576273,3.272263,0.0,False,,172.741,348.326,241.703125
vysyn-before,alternating,1,4,right,1,False,350.0,,,,,False,,170.946,357.277,241.703125
vysyn-before,alternating,1,5,left,0,True,350.0,223.830562,226.303078,2.472516,0.0,False,,179.839,202.249,241.703125
vysyn-before,alternating,1,6,right,1,True,350.0,24.251347,26.687426,2.436079,0.0,True,,0.014,17.324,241.703125
vysyn-before,alternating,1,7,left,0,True,350.0,23.183425,25.656743,2.473318,0.0,True,,0.019,17.335,241.703125
vysyn-before,alternating,1,8,right,1,True,350.0,23.343661,25.537222,2.193561,0.0,True,,0.014,17.313,241.703125
vysyn-before,alternating,1,9,left,0,True,350.0,23.827234,26.131359,2.304125,0.0,True,,0.014,17.101,241.703125
vysyn-before,alternating,1,10,right,1,True,350.0,26.766402,29.235412,2.46901,0.0,True,,0.024,19.681,241.703125
vysyn-before,alternating,1,11,left,0,True,350.0,29.14219,31.572648,2.430458,0.0,True,,0.018,22.757,241.703125
vysyn-before,alternating,1,12,right,1,True,350.0,29.413221,31.821729,2.408508,0.0,True,,0.016,22.064,241.703125
vysyn-before,alternating,1,13,left,0,True,350.0,29.441033,32.062073,2.62104,0.0,True,,0.016,22.554,241.703125
vysyn-before,alternating,1,14,right,1,True,350.0,29.821555,32.141359,2.319804,0.0,True,,0.024,22.392,241.703125
vysyn-before,alternating,1,15,left,0,True,350.0,28.834924,31.226981,2.392057,0.0,True,,0.014,22.663,241.703125
