variant,scenario,repeat,sequence,direction,expected_image,matched,interval_ms,latency_ms,received_latency_ms,readback_ms,capture_error,cached,loaded_ms,submitted_ms,process_rss_mib_at_end
imv,slow,0,0,right,1,True,1000.0,136.606812,139.177092,2.57028,0.0,,,,148.87109375
imv,slow,0,1,right,2,True,1000.0,144.184845,146.933727,2.748882,0.0,,,,148.87109375
imv,slow,0,2,right,3,True,1000.0,114.495101,117.071212,2.576111,0.0,,,,148.87109375
imv,slow,0,3,right,0,True,1000.0,133.536454,136.062572,2.526118,0.0,,,,148.87109375
imv,slow,0,4,right,1,True,1000.0,129.945947,132.541164,2.595217,0.0,,,,148.87109375
imv,slow,0,5,right,2,True,1000.0,146.083871,148.958427,2.874556,0.0,,,,148.87109375
imv,slow,0,6,right,3,True,1000.0,132.650118,135.37224,2.722122,0.0,,,,148.87109375
imv,slow,0,7,right,0,True,1000.0,133.622597,136.593272,2.970675,0.0,,,,148.87109375
imv,slow,0,8,right,1,True,1000.0,161.073551,163.956242,2.882691,0.0,,,,148.87109375
imv,slow,0,9,right,2,True,1000.0,145.421873,148.369916,2.948043,0.0,,,,148.87109375
imv,slow,0,10,right,3,True,1000.0,104.28053,106.897918,2.617388,0.0,,,,148.87109375
imv,slow,0,11,right,0,True,1000.0,123.682515,126.582267,2.899752,0.0,,,,148.87109375
imv,slow,0,12,right,1,True,1000.0,117.549218,120.400251,2.851033,0.0,,,,148.87109375
imv,slow,0,13,right,2,True,1000.0,130.716929,133.746022,3.029093,0.0,,,,148.87109375
imv,slow,0,14,right,3,True,1000.0,103.23068,106.188561,2.957881,0.0,,,,148.87109375
imv,slow,0,15,right,0,True,1000.0,122.39863,125.120672,2.722042,0.0,,,,148.87109375
imv,fast,0,0,right,1,True,250.0,133.875517,136.684542,2.809025,0.0,,,,145.359375
imv,fast,0,1,right,2,True,250.0,133.788416,136.520838,2.732422,0.0,,,,145.359375
imv,fast,0,2,right,3,True,250.0,107.56269,110.290203,2.727513,0.0,,,,145.359375
imv,fast,0,3,right,0,True,250.0,121.185556,123.851695,2.666139,0.0,,,,145.359375
imv,fast,0,4,right,1,True,250.0,121.480486,124.510801,3.030315,0.0,,,,145.359375
imv,fast,0,5,right,2,True,250.0,136.610596,139.337277,2.726681,0.0,,,,145.359375
imv,fast,0,6,right,3,True,250.0,106.509852,109.12206,2.612208,0.0,,,,145.359375
imv,fast,0,7,right,0,True,250.0,121.527523,124.207758,2.680235,0.0,,,,145.359375
imv,fast,0,8,right,1,True,250.0,119.856025,122.963204,3.107179,0.0,,,,145.359375
imv,fast,0,9,right,2,True,250.0,93.546403,96.468097,2.921694,0.0,,,,145.359375
imv,fast,0,10,right,3,True,250.0,72.25293,74.680755,2.427825,0.0,,,,145.359375
imv,fast,0,11,right,0,True,250.0,81.360018,83.963079,2.603061,0.0,,,,145.359375
imv,fast,0,12,right,1,True,250.0,79.499848,81.90968,2.409832,0.0,,,,145.359375
imv,fast,0,13,right,2,True,250.0,88.546104,91.215228,2.669124,0.0,,,,145.359375
imv,fast,0,14,right,3,True,250.0,72.176749,74.60192,2.425171,0.0,,,,145.359375
imv,fast,0,15,right,0,True,250.0,123.94982,126.545388,2.595568,0.0,,,,145.359375
imv,alternating,0,0,right,1,True,350.0,132.661585,135.392404,2.730819,0.0,,,,144.26953125
imv,alternating,0,1,left,0,True,350.0,123.345619,125.922091,2.576472,0.0,,,,144.26953125
imv,alternating,0,2,right,1,True,350.0,118.285929,120.679511,2.393582,0.0,,,,144.26953125
imv,alternating,0,3,left,0,True,350.0,121.348625,123.88882,2.540195,0.0,,,,144.26953125
imv,alternating,0,4,right,1,True,350.0,120.082802,122.497994,2.415192,0.0,,,,144.26953125
imv,alternating,0,5,left,0,True,350.0,121.750413,124.375836,2.625423,0.0,,,,144.26953125
imv,alternating,0,6,right,1,True,350.0,119.331475,121.783415,2.45194,0.0,,,,144.26953125
imv,alternating,0,7,left,0,True,350.0,123.040152,125.637854,2.597702,0.0,,,,144.26953125
imv,alternating,0,8,right,1,True,350.0,130.713765,133.186464,2.472699,0.0,,,,144.26953125
imv,alternating,0,9,left,0,True,350.0,134.065129,136.569788,2.504659,0.0,,,,144.26953125
imv,alternating,0,10,right,1,True,350.0,119.513465,121.941931,2.428466,0.0,,,,144.26953125
imv,alternating,0,11,left,0,True,350.0,121.432835,124.078465,2.64563,0.0,,,,144.26953125
imv,alternating,0,12,right,1,True,350.0,122.401587,125.078856,2.677269,0.0,,,,144.26953125
imv,alternating,0,13,left,0,True,350.0,126.170507,128.852555,2.682048,0.0,,,,144.26953125
imv,alternating,0,14,right,1,True,350.0,122.390506,125.169835,2.779329,0.0,,,,144.26953125
imv,alternating,0,15,left,0,True,350.0,124.29047,127.18301,2.89254,0.0,,,,144.26953125
vysyn,slow,0,0,right,1,True,1000.0,308.40824,311.350963,2.942723,0.0,False,283.095,299.819,161.19921875
vysyn,slow,0,1,right,2,True,1000.0,292.792348,296.606843,3.814495,0.0,False,259.502,283.342,161.19921875
vysyn,slow,0,2,right,3,True,1000.0,26.859858,30.239875,3.380017,0.0,True,0.017,18.08,161.19921875
vysyn,slow,0,3,right,0,True,1000.0,38.423456,41.852424,3.428968,0.0,True,0.016,29.863,161.19921875
vysyn,slow,0,4,right,1,True,1000.0,26.540444,30.224496,3.684052,0.0,True,0.024,17.998,161.19921875
vysyn,slow,0,5,right,2,True,1000.0,299.966819,304.15054,4.183721,0.0,False,261.288,290.869,161.19921875
vysyn,slow,0,6,right,3,True,1000.0,226.590251,229.626218,3.035967,0.0,False,199.12,217.101,161.19921875
vysyn,slow,0,7,right,0,True,1000.0,33.284449,37.193018,3.908569,0.0,True,0.018,24.855,161.19921875
vysyn,slow,0,8,right,1,True,1000.0,26.935169,30.539182,3.604013,0.0,True,0.017,17.81,161.19921875
vysyn,slow,0,9,right,2,True,1000.0,285.959842,290.064026,4.104184,0.0,False,252.635,277.281,161.19921875
vysyn,slow,0,10,right,3,True,1000.0,224.179342,227.722663,3.543321,0.0,False,197.971,216.18,161.19921875
vysyn,slow,0,11,right,0,True,1000.0,33.317431,36.94601,3.628579,0.0,True,0.025,24.257,161.19921875
vysyn,slow,0,12,right,1,True,1000.0,25.862134,29.666831,3.804697,0.0,True,0.019,17.326,161.19921875
vysyn,slow,0,13,right,2,True,1000.0,264.631728,268.988581,4.356853,0.0,False,230.158,256.599,161.19921875
vysyn,slow,0,14,right,3,True,1000.0,26.6825,30.230259,3.547759,0.0,True,0.016,17.886,161.19921875
vysyn,slow,0,15,right,0,True,1000.0,31.260014,34.944026,3.684012,0.0,True,0.017,24.065,161.19921875
vysyn,fast,0,0,right,1,False,250.0,,,,,,,,160.1640625
vysyn,fast,0,1,right,2,False,250.0,,,,,False,220.076,237.952,160.1640625
vysyn,fast,0,2,right,3,True,250.0,52.828764,56.961221,4.132457,0.0,True,0.02,17.705,160.1640625
vysyn,fast,0,3,right,0,True,250.0,199.886898,202.558838,2.67194,0.0,False,172.631,190.74,160.1640625
vysyn,fast,0,4,right,1,False,250.0,,,,,,,,160.1640625
vysyn,fast,0,5,right,2,True,250.0,186.356061,190.461938,4.105877,0.0,False,153.664,177.14,160.1640625
vysyn,fast,0,6,right,3,True,250.0,196.336485,199.870729,3.534244,0.0,False,122.153,187.58,160.1640625
vysyn,fast,0,7,right,0,False,250.0,,,,,,,,160.1640625
vysyn,fast,0,8,right,1,False,250.0,,,,,,,,160.1640625
vysyn,fast,0,9,right,2,True,250.0,180.985402,184.958211,3.972809,0.0,False,153.803,171.45,160.1640625
vysyn,fast,0,10,right,3,True,250.0,202.043621,205.157613,3.113992,0.0,False,125.73,193.397,160.1640625
vysyn,fast,0,11,right,0,False,250.0,,,,,,,,160.1640625
vysyn,fast,0,12,right,1,False,250.0,,,,,,,,160.1640625
vysyn,fast,0,13,right,2,True,250.0,166.723935,170.943564,4.219629,0.0,False,140.468,158.306,160.1640625
vysyn,fast,0,14,right,3,False,250.0,,,,,,,,160.1640625
vysyn,fast,0,15,right,0,True,250.0,203.27837,205.8962,2.61783,0.0,False,175.572,194.202,160.1640625
vysyn,alternating,0,0,right,1,True,350.0,298.361896,301.622431,3.260535,0.0,False,271.734,288.616,159.91015625
vysyn,alternating,0,1,left,0,True,350.0,352.499506,356.179421,3.679915,0.0,False,174.049,344.145,159.91015625
vysyn,alternating,0,2,right,1,False,350.0,,,,,,,,159.91015625
vysyn,alternating,0,3,left,0,True,350.0,196.068274,199.66304,3.594766,0.0,False,175.056,187.306,159.91015625
vysyn,alternating,0,4,right,1,True,350.0,197.809943,200.948501,3.138558,0.0,False,170.795,188.623,159.91015625
vysyn,alternating,0,5,left,0,True,350.0,213.125382,215.846694,2.721312,0.0,False,175.0,203.89,159.91015625
vysyn,alternating,0,6,right,1,True,350.0,226.41395,229.581852,3.167902,0.0,False,171.256,217.476,159.91015625
vysyn,alternating,0,7,left,0,True,350.0,247.841436,251.004279,3.162843,0.0,False,172.395,240.104,159.91015625
vysyn,alternating,0,8,right,1,True,350.0,254.243966,257.286466,3.0425,0.0,False,163.629,245.541,159.91015625
vysyn,alternating,0,9,left,0,True,350.0,278.769167,282.369343,3.600176,0.0,False,176.771,271.55,159.91015625
vysyn,alternating,0,10,right,1,False,350.0,,,,,,,,159.91015625
vysyn,alternating,0,11,left,0,True,350.0,196.230587,199.600796,3.370209,0.0,False,170.157,187.627,159.91015625
vysyn,alternating,0,12,right,1,True,350.0,193.454063,196.610915,3.156852,0.0,False,172.102,184.631,159.91015625
vysyn,alternating,0,13,left,0,True,350.0,227.500023,231.250759,3.750736,0.0,False,174.079,209.558,159.91015625
vysyn,alternating,0,14,right,1,True,350.0,188.759773,191.827088,3.067315,0.0,False,168.305,180.419,159.91015625
vysyn,alternating,0,15,left,0,True,350.0,194.055924,197.797444,3.74152,0.0,False,169.455,184.728,159.91015625
vysyn,slow,1,0,right,1,True,1000.0,304.21732,307.342974,3.125654,0.0,False,279.84,295.699,161.41015625
vysyn,slow,1,1,right,2,True,1000.0,287.477634,291.451867,3.974233,0.0,False,253.896,277.868,161.41015625
vysyn,slow,1,2,right,3,True,1000.0,26.082457,29.438559,3.356102,0.0,True,0.027,17.867,161.41015625
vysyn,slow,1,3,right,0,True,1000.0,37.285225,41.305003,4.019778,0.0,True,0.018,29.29,161.41015625
vysyn,slow,1,4,right,1,True,1000.0,296.244246,300.144722,3.900476,0.0,False,269.308,288.184,161.41015625
vysyn,slow,1,5,right,2,True,1000.0,296.526242,300.910928,4.384686,0.0,False,263.48,288.049,161.41015625
vysyn,slow,1,6,right,3,True,1000.0,26.77698,29.85759,3.08061,0.0,True,0.018,17.774,161.41015625
vysyn,slow,1,7,right,0,True,1000.0,31.827234,36.492452,4.665218,0.0,True,0.025,24.102,161.41015625
vysyn,slow,1,8,right,1,True,1000.0,301.327647,304.865909,3.538262,0.0,False,275.177,293.299,161.41015625
vysyn,slow,1,9,right,2,True,1000.0,284.430347,288.440056,4.009709,0.0,False,255.954,274.519,161.41015625
vysyn,slow,1,10,right,3,True,1000.0,26.56761,29.987412,3.419802,0.0,True,0.02,17.711,161.41015625
vysyn,slow,1,11,right,0,True,1000.0,31.485448,35.775629,4.290181,0.0,True,0.017,24.167,161.41015625
vysyn,slow,1,12,right,1,True,1000.0,304.875684,308.843865,3.968181,0.0,False,279.794,298.7,161.41015625
vysyn,slow,1,13,right,2,True,1000.0,292.352049,296.189938,3.837889,0.0,False,264.341,283.036,161.41015625
vysyn,slow,1,14,right,3,True,1000.0,27.11014,30.871236,3.761096,0.0,True,0.017,18.168,161.41015625
vysyn,slow,1,15,right,0,True,1000.0,32.913476,36.811617,3.898141,0.0,True,0.019,24.445,161.41015625
vysyn,fast,1,0,right,1,False,250.0,,,,,False,227.108,238.825,250.05078125
vysyn,fast,1,1,right,2,True,250.0,191.282796,194.540766,3.25797,0.0,False,145.969,174.818,250.05078125
vysyn,fast,1,2,right,3,True,250.0,20.251882,22.870834,2.618952,0.0,True,0.014,11.664,250.05078125
vysyn,fast,1,3,right,0,True,250.0,30.401273,33.333317,2.932044,0.0,True,0.02,23.468,250.05078125
vysyn,fast,1,4,right,1,True,250.0,19.397804,22.153951,2.756147,0.0,True,0.016,12.077,250.05078125
vysyn,fast,1,5,right,2,True,250.0,30.936188,34.2813,3.345112,0.0,True,0.014,23.418,250.05078125
vysyn,fast,1,6,right,3,True,250.0,24.418664,27.002029,2.583365,0.0,True,0.019,17.273,250.05078125
vysyn,fast,1,7,right,0,True,250.0,35.857603,38.885115,3.027512,0.0,True,0.029,28.723,250.05078125
vysyn,fast,1,8,right,1,True,250.0,23.449121,25.866488,2.417367,0.0,True,0.028,17.188,250.05078125
vysyn,fast,1,9,right,2,True,250.0,35.456797,38.642203,3.185406,0.0,True,0.019,28.702,250.05078125
vysyn,fast,1,10,right,3,True,250.0,23.358361,25.876225,2.517864,0.0,True,0.018,17.57,250.05078125
vysyn,fast,1,11,right,0,True,250.0,34.550482,37.414069,2.863587,0.0,True,0.018,28.841,250.05078125
vysyn,fast,1,12,right,1,True,250.0,23.469108,25.823788,2.35468,0.0,True,0.058,17.096,250.05078125
vysyn,fast,1,13,right,2,True,250.0,35.728924,39.058607,3.329683,0.0,True,0.019,28.808,250.05078125
vysyn,fast,1,14,right,3,True,250.0,24.230063,26.851009,2.620946,0.0,True,0.025,17.488,250.05078125
vysyn,fast,1,15,right,0,True,250.0,35.232851,38.085026,2.852175,0.0,True,0.026,29.507,250.05078125
vysyn,alternating,1,0,right,1,True,350.0,307.046271,309.820521,2.77425,0.0,False,281.922,298.323,157.9609375
vysyn,alternating,1,1,left,0,False,350.0,,,,,,,,157.9609375
vysyn,alternating,1,2,right,1,False,350.0,,,,,,,,157.9609375
vysyn,alternating,1,3,left,0,True,350.0,195.036185,198.683049,3.646864,0.0,False,172.53,187.378,157.9609375
vysyn,alternating,1,4,right,1,True,350.0,194.028761,197.396566,3.367805,0.0,False,172.592,185.163,157.9609375
vysyn,alternating,1,5,left,0,True,350.0,204.840274,208.410225,3.569951,0.0,False,173.422,196.539,157.9609375
vysyn,alternating,1,6,right,1,True,350.0,187.420949,190.787562,3.366613,0.0,False,165.77,178.463,157.9609375
vysyn,alternating,1,7,left,0,True,350.0,207.601381,211.206417,3.605036,0.0,False,175.167,199.132,157.9609375
vysyn,alternating,1,8,right,1,True,350.0,220.309181,223.955143,3.645962,0.0,False,170.382,211.705,157.9609375
vysyn,alternating,1,9,left,0,True,350.0,242.917008,246.633131,3.716123,0.0,False,177.898,234.43,157.9609375
vysyn,alternating,1,10,right,1,False,350.0,,,,,,,,157.9609375
vysyn,alternating,1,11,left,0,True,350.0,187.513493,191.182809,3.669316,0.0,False,165.988,178.555,157.9609375
vysyn,alternating,1,12,right,1,True,350.0,187.92028,191.142064,3.221784,0.0,False,165.409,178.965,157.9609375
vysyn,alternating,1,13,left,0,True,350.0,210.984456,214.707362,3.722906,0.0,False,177.129,202.359,157.9609375
vysyn,alternating,1,14,right,1,True,350.0,225.590568,228.907258,3.31669,0.0,False,170.326,216.259,157.9609375
vysyn,alternating,1,15,left,0,True,350.0,247.436617,252.599532,5.162915,0.0,False,167.923,239.407,157.9609375
imv,slow,1,0,right,1,True,1000.0,136.144417,138.770822,2.626405,0.0,,,,145.00390625
imv,slow,1,1,right,2,True,1000.0,149.726043,152.527514,2.801471,0.0,,,,145.00390625
imv,slow,1,2,right,3,True,1000.0,119.627852,122.06182,2.433968,0.0,,,,145.00390625
imv,slow,1,3,right,0,True,1000.0,136.01631,138.583676,2.567366,0.0,,,,145.00390625
imv,slow,1,4,right,1,True,1000.0,130.120283,133.160428,3.040145,0.0,,,,145.00390625
imv,slow,1,5,right,2,True,1000.0,146.683525,149.383298,2.699773,0.0,,,,145.00390625
imv,slow,1,6,right,3,True,1000.0,117.691903,120.036484,2.344581,0.0,,,,145.00390625
imv,slow,1,7,right,0,True,1000.0,131.554983,134.154118,2.599135,0.0,,,,145.00390625
imv,slow,1,8,right,1,True,1000.0,140.090913,142.713853,2.62294,0.0,,,,145.00390625
imv,slow,1,9,right,2,True,1000.0,146.211249,148.918105,2.706856,0.0,,,,145.00390625
imv,slow,1,10,right,3,True,1000.0,108.519832,111.126301,2.606469,0.0,,,,145.00390625
imv,slow,1,11,right,0,True,1000.0,123.511712,126.059392,2.54768,0.0,,,,145.00390625
imv,slow,1,12,right,1,True,1000.0,119.716582,122.343679,2.627097,0.0,,,,145.00390625
imv,slow,1,13,right,2,True,1000.0,132.844255,135.417873,2.573618,0.0,,,,145.00390625
imv,slow,1,14,right,3,True,1000.0,105.922111,108.333186,2.411075,0.0,,,,145.00390625
imv,slow,1,15,right,0,True,1000.0,121.32183,123.822342,2.500512,0.0,,,,145.00390625
imv,fast,1,0,right,1,True,250.0,134.855309,137.211993,2.356684,0.0,,,,145.2265625
imv,fast,1,1,right,2,True,250.0,139.589757,143.371543,3.781786,0.0,,,,145.2265625
imv,fast,1,2,right,3,True,250.0,109.240347,111.676278,2.435931,0.0,,,,145.2265625
imv,fast,1,3,right,0,True,250.0,121.97081,124.531964,2.561154,0.0,,,,145.2265625
imv,fast,1,4,right,1,True,250.0,121.91732,124.474027,2.556707,0.0,,,,145.2265625
imv,fast,1,5,right,2,True,250.0,137.554672,140.239567,2.684895,0.0,,,,145.2265625
imv,fast,1,6,right,3,True,250.0,107.920371,110.372904,2.452533,0.0,,,,145.2265625
imv,fast,1,7,right,0,True,250.0,121.613987,124.277882,2.663895,0.0,,,,145.2265625
imv,fast,1,8,right,1,True,250.0,87.506804,89.862347,2.355543,0.0,,,,145.2265625
imv,fast,1,9,right,2,True,250.0,137.185356,139.701757,2.516401,0.0,,,,145.2265625
imv,fast,1,10,right,3,True,250.0,70.853715,73.289686,2.435971,0.0,,,,145.2265625
imv,fast,1,11,right,0,True,250.0,110.80561,113.159409,2.353799,0.0,,,,145.2265625
imv,fast,1,12,right,1,True,250.0,76.859928,79.440218,2.58029,0.0,,,,145.2265625
imv,fast,1,13,right,2,True,250.0,129.818361,132.34945,2.531089,0.0,,,,145.2265625
imv,fast,1,14,right,3,True,250.0,69.732068,72.265541,2.533473,0.0,,,,145.2265625
imv,fast,1,15,right,0,True,250.0,121.262554,123.713974,2.45142,0.0,,,,145.2265625
imv,alternating,1,0,right,1,True,350.0,138.860424,141.43321,2.572786,0.0,,,,144.00390625
imv,alternating,1,1,left,0,True,350.0,127.129921,129.853348,2.723427,0.0,,,,144.00390625
imv,alternating,1,2,right,1,True,350.0,118.623786,121.255523,2.631737,0.0,,,,144.00390625
imv,alternating,1,3,left,0,True,350.0,121.690281,124.390995,2.700714,0.0,,,,144.00390625
imv,alternating,1,4,right,1,True,350.0,118.711791,121.301208,2.589417,0.0,,,,144.00390625
imv,alternating,1,5,left,0,True,350.0,121.967899,124.534624,2.566725,0.0,,,,144.00390625
imv,alternating,1,6,right,1,True,350.0,119.746787,122.397548,2.650761,0.0,,,,144.00390625
imv,alternating,1,7,left,0,True,350.0,123.19957,125.753973,2.554403,0.0,,,,144.00390625
imv,alternating,1,8,right,1,True,350.0,130.667774,133.306222,2.638448,0.0,,,,144.00390625
imv,alternating,1,9,left,0,True,350.0,133.824808,136.458868,2.63406,0.0,,,,144.00390625
imv,alternating,1,10,right,1,True,350.0,118.128576,120.684341,2.555765,0.0,,,,144.00390625
imv,alternating,1,11,left,0,True,350.0,120.666618,123.295639,2.629021,0.0,,,,144.00390625
imv,alternating,1,12,right,1,True,350.0,120.27463,122.699842,2.425212,0.0,,,,144.00390625
imv,alternating,1,13,left,0,True,350.0,124.959726,128.451923,3.492197,0.0,,,,144.00390625
imv,alternating,1,14,right,1,True,350.0,117.725107,120.783076,3.057969,0.0,,,,144.00390625
imv,alternating,1,15,left,0,True,350.0,122.020959,124.636224,2.615265,0.0,,,,144.00390625
vysyn-ram1024,slow,0,0,right,1,True,1000.0,39.781513,43.673274,3.891761,0.0,True,0.019,18.885,239.87109375
vysyn-ram1024,slow,0,1,right,2,True,1000.0,35.930879,39.34947,3.418591,0.0,True,0.017,28.642,239.87109375
vysyn-ram1024,slow,0,2,right,3,True,1000.0,23.213118,25.71884,2.505722,0.0,True,0.026,16.991,239.87109375
vysyn-ram1024,slow,0,3,right,0,True,1000.0,35.36171,38.51105,3.14934,0.0,True,0.017,27.856,239.87109375
vysyn-ram1024,slow,0,4,right,1,True,1000.0,24.451712,26.948026,2.496314,0.0,True,0.018,16.725,239.87109375
vysyn-ram1024,slow,0,5,right,2,True,1000.0,36.046845,39.286142,3.239297,0.0,True,0.016,28.772,239.87109375
vysyn-ram1024,slow,0,6,right,3,True,1000.0,23.918992,26.751962,2.83297,0.0,True,0.018,16.711,239.87109375
vysyn-ram1024,slow,0,7,right,0,True,1000.0,30.678508,33.430128,2.75162,0.0,True,0.018,23.21,239.87109375
vysyn-ram1024,slow,0,8,right,1,True,1000.0,25.285534,28.203343,2.917809,0.0,True,0.022,17.968,239.87109375
vysyn-ram1024,slow,0,9,right,2,True,1000.0,29.537205,33.000328,3.463123,0.0,True,0.025,23.185,239.87109375
vysyn-ram1024,slow,0,10,right,3,True,1000.0,23.36976,26.624827,3.255067,0.0,True,0.021,16.7,239.87109375
vysyn-ram1024,slow,0,11,right,0,True,1000.0,29.66909,32.473949,2.804859,0.0,True,0.022,23.517,239.87109375
vysyn-ram1024,slow,0,12,right,1,True,1000.0,24.06299,26.82008,2.75709,0.0,True,0.018,16.687,239.87109375
vysyn-ram1024,slow,0,13,right,2,True,1000.0,30.353443,33.749251,3.395808,0.0,True,0.017,23.055,239.87109375
vysyn-ram1024,slow,0,14,right,3,True,1000.0,23.645163,26.782189,3.137026,0.0,True,0.018,16.827,239.87109375
vysyn-ram1024,slow,0,15,right,0,True,1000.0,30.248429,33.008895,2.760466,0.0,True,0.019,23.162,239.87109375
vysyn-ram1024,fast,0,0,right,1,True,250.0,23.92319,26.484085,2.560895,0.0,True,0.025,15.824,238.98828125
vysyn-ram1024,fast,0,1,right,2,False,250.0,,,,,,,,238.98828125
vysyn-ram1024,fast,0,2,right,3,True,250.0,27.295966,30.896745,3.600779,0.0,True,0.022,19.854,238.98828125
vysyn-ram1024,fast,0,3,right,0,True,250.0,24.884028,28.079965,3.195937,0.0,True,0.018,18.074,238.98828125
vysyn-ram1024,fast,0,4,right,1,True,250.0,20.448376,23.173235,2.724859,0.0,True,0.025,12.728,238.98828125
vysyn-ram1024,fast,0,5,right,2,True,250.0,30.514424,34.089275,3.574851,0.0,True,0.017,25.649,238.98828125
vysyn-ram1024,fast,0,6,right,3,True,250.0,24.979055,27.806596,2.827541,0.0,True,0.022,18.307,238.98828125
vysyn-ram1024,fast,0,7,right,0,True,250.0,30.102939,33.182628,3.079689,0.0,True,0.018,23.758,238.98828125
vysyn-ram1024,fast,0,8,right,1,True,250.0,24.895069,27.375674,2.480605,0.0,True,0.026,18.216,238.98828125
vysyn-ram1024,fast,0,9,right,2,True,250.0,30.502672,33.940458,3.437786,0.0,True,0.019,23.537,238.98828125
vysyn-ram1024,fast,0,10,right,3,True,250.0,25.144763,28.284675,3.139912,0.0,True,0.019,17.982,238.98828125
vysyn-ram1024,fast,0,11,right,0,True,250.0,29.824741,32.820736,2.995995,0.0,True,0.024,23.577,238.98828125
vysyn-ram1024,fast,0,12,right,1,True,250.0,25.086144,27.97012,2.883976,0.0,True,0.019,19.128,238.98828125
vysyn-ram1024,fast,0,13,right,2,True,250.0,30.142522,33.659756,3.517234,0.0,True,0.027,24.245,238.98828125
vysyn-ram1024,fast,0,14,right,3,True,250.0,25.746092,28.804362,3.05827,0.0,True,0.025,18.002,238.98828125
vysyn-ram1024,fast,0,15,right,0,True,250.0,30.764619,33.709278,2.944659,0.0,True,0.018,23.434,238.98828125
vysyn-ram1024,alternating,0,0,right,1,True,350.0,24.2828,27.137021,2.854221,0.0,True,0.018,15.696,239.39453125
vysyn-ram1024,alternating,0,1,left,0,True,350.0,24.296335,35.762118,11.465783,0.0,True,0.02,17.523,239.39453125
vysyn-ram1024,alternating,0,2,right,1,True,350.0,23.628343,26.509463,2.88112,0.0,True,0.018,17.267,239.39453125
vysyn-ram1024,alternating,0,3,left,0,True,350.0,24.052091,26.691902,2.639811,0.0,True,0.02,17.657,239.39453125
vysyn-ram1024,alternating,0,4,right,1,True,350.0,23.438399,26.548716,3.110317,0.0,True,0.018,16.869,239.39453125
vysyn-ram1024,alternating,0,5,left,0,True,350.0,24.308698,27.266191,2.957493,0.0,True,0.018,17.97,239.39453125
vysyn-ram1024,alternating,0,6,right,1,True,350.0,23.577948,26.612835,3.034887,0.0,True,0.018,17.004,239.39453125
vysyn-ram1024,alternating,0,7,left,0,True,350.0,25.039578,27.693005,2.653427,0.0,True,0.028,17.724,239.39453125
vysyn-ram1024,alternating,0,8,right,1,True,350.0,23.066427,26.124947,3.05852,0.0,True,0.019,17.108,239.39453125
vysyn-ram1024,alternating,0,9,left,0,True,350.0,26.211588,28.998544,2.786956,0.0,True,0.019,19.91,239.39453125
vysyn-ram1024,alternating,0,10,right,1,True,350.0,28.814411,31.77488,2.960469,0.0,True,0.022,22.44,239.39453125
vysyn-ram1024,alternating,0,11,left,0,True,350.0,23.296225,25.621451,2.325226,0.0,True,0.018,17.015,239.39453125
vysyn-ram1024,alternating,0,12,right,1,True,350.0,29.139747,31.887059,2.747312,0.0,True,0.018,22.561,239.39453125
vysyn-ram1024,alternating,0,13,left,0,True,350.0,23.371474,25.896873,2.525399,0.0,True,0.017,16.688,239.39453125
vysyn-ram1024,alternating,0,14,right,1,True,350.0,28.488355,31.262206,2.773851,0.0,True,0.027,22.898,239.39453125
vysyn-ram1024,alternating,0,15,left,0,True,350.0,23.136007,25.53489,2.398883,0.0,True,0.017,16.792,239.39453125
vysyn-worker1,slow,0,0,right,1,True,1000.0,23.919184,26.616843,2.697659,0.0,True,0.017,16.801,240.203125
vysyn-worker1,slow,0,1,right,2,True,1000.0,36.640113,39.863631,3.223518,0.0,True,0.019,28.846,240.203125
vysyn-worker1,slow,0,2,right,3,True,1000.0,23.525061,25.988314,2.463253,0.0,True,0.025,16.773,240.203125
vysyn-worker1,slow,0,3,right,0,True,1000.0,35.405075,38.240761,2.835686,0.0,True,0.018,28.394,240.203125
vysyn-worker1,slow,0,4,right,1,True,1000.0,23.801947,26.185732,2.383785,0.0,True,0.026,16.631,240.203125
vysyn-worker1,slow,0,5,right,2,True,1000.0,59.597178,63.511911,3.914733,0.0,True,0.026,29.564,240.203125
vysyn-worker1,slow,0,6,right,3,True,1000.0,24.254509,26.836713,2.582204,0.0,True,0.018,16.9,240.203125
vysyn-worker1,slow,0,7,right,0,True,1000.0,30.995742,33.81639,2.820648,0.0,True,0.019,23.678,240.203125
vysyn-worker1,slow,0,8,right,1,True,1000.0,23.259568,26.143894,2.884326,0.0,True,0.025,17.097,240.203125
vysyn-worker1,slow,0,9,right,2,True,1000.0,30.557456,33.643648,3.086192,0.0,True,0.025,23.458,240.203125
vysyn-worker1,slow,0,10,right,3,True,1000.0,75.452369,79.174264,3.721895,0.0,True,0.018,17.272,240.203125
vysyn-worker1,slow,0,11,right,0,True,1000.0,30.657923,33.402459,2.744536,0.0,True,0.027,23.723,240.203125
vysyn-worker1,slow,0,12,right,1,True,1000.0,23.426268,26.314532,2.888264,0.0,True,0.025,16.849,240.203125
vysyn-worker1,slow,0,13,right,2,True,1000.0,30.665758,33.999151,3.333393,0.0,True,0.018,23.3,240.203125
vysyn-worker1,slow,0,14,right,3,True,1000.0,24.519262,27.633155,3.113893,0.0,True,0.019,17.69,240.203125
vysyn-worker1,slow,0,15,right,0,True,1000.0,60.471206,63.961881,3.490675,0.0,True,0.015,24.284,240.203125
vysyn-worker1,fast,0,0,right,1,True,250.0,23.514673,26.182738,2.668065,0.0,True,0.023,15.847,231.7734375
vysyn-worker1,fast,0,1,right,2,False,250.0,,,,,False,195.666,252.121,231.7734375
vysyn-worker1,fast,0,2,right,3,True,250.0,59.57033,63.587685,4.017355,0.0,True,0.006,24.628,231.7734375
vysyn-worker1,fast,0,3,right,0,True,250.0,25.18459,27.37741,2.19282,0.0,True,0.021,18.101,231.7734375
vysyn-worker1,fast,0,4,right,1,True,250.0,30.227022,32.996495,2.769473,0.0,True,0.018,22.639,231.7734375
vysyn-worker1,fast,0,5,right,2,True,250.0,30.829183,33.646245,2.817062,0.0,True,0.025,23.69,231.7734375
vysyn-worker1,fast,0,6,right,3,True,250.0,29.47335,32.430843,2.957493,0.0,True,0.027,23.023,231.7734375
vysyn-worker1,fast,0,7,right,0,True,250.0,30.587303,33.047811,2.460508,0.0,True,0.022,23.744,231.7734375
vysyn-worker1,fast,0,8,right,1,True,250.0,30.060643,32.795562,2.734919,0.0,True,0.018,22.702,231.7734375
vysyn-worker1,fast,0,9,right,2,True,250.0,30.977439,33.824286,2.846847,0.0,True,0.02,23.807,231.7734375
vysyn-worker1,fast,0,10,right,3,True,250.0,30.666661,33.77296,3.106299,0.0,True,0.021,22.754,231.7734375
vysyn-worker1,fast,0,11,right,0,True,250.0,30.663054,33.112411,2.449357,0.0,True,0.019,23.745,231.7734375
vysyn-worker1,fast,0,12,right,1,True,250.0,29.872463,32.682412,2.809949,0.0,True,0.022,23.26,231.7734375
vysyn-worker1,fast,0,13,right,2,True,250.0,31.036899,33.928099,2.8912,0.0,True,0.017,23.597,231.7734375
vysyn-worker1,fast,0,14,right,3,True,250.0,30.204451,33.34288,3.138429,0.0,True,0.022,22.986,231.7734375
vysyn-worker1,fast,0,15,right,0,True,250.0,30.755506,33.306833,2.551327,0.0,True,0.025,23.941,231.7734375
vysyn-worker1,alternating,0,0,right,1,True,350.0,24.009654,26.483457,2.473803,0.0,True,0.019,16.524,240.234375
vysyn-worker1,alternating,0,1,left,0,True,350.0,24.27104,27.102389,2.831349,0.0,True,0.02,17.517,240.234375
vysyn-worker1,alternating,0,2,right,1,True,350.0,24.02894,26.375686,2.346746,0.0,True,0.02,17.238,240.234375
vysyn-worker1,alternating,0,3,left,0,True,350.0,29.703348,32.589358,2.88601,0.0,True,0.024,22.68,240.234375
vysyn-worker1,alternating,0,4,right,1,True,350.0,24.055961,26.45789,2.401929,0.0,True,0.017,17.32,240.234375
vysyn-worker1,alternating,0,5,left,0,True,350.0,29.830105,32.71373,2.883625,0.0,True,0.018,23.825,240.234375
vysyn-worker1,alternating,0,6,right,1,True,350.0,23.318889,25.81273,2.493841,0.0,True,0.019,16.893,240.234375
vysyn-worker1,alternating,0,7,left,0,True,350.0,28.843409,31.721925,2.878516,0.0,True,0.018,22.755,240.234375
vysyn-worker1,alternating,0,8,right,1,True,350.0,23.415579,25.848917,2.433338,0.0,True,0.017,16.873,240.234375
vysyn-worker1,alternating,0,9,left,0,True,350.0,29.740108,32.333353,2.593245,0.0,True,0.025,22.941,240.234375
vysyn-worker1,alternating,0,10,right,1,True,350.0,22.495117,24.868202,2.373085,0.0,True,0.028,16.833,240.234375
vysyn-worker1,alternating,0,11,left,0,True,350.0,29.536117,32.147026,2.610909,0.0,True,0.019,22.956,240.234375
vysyn-worker1,alternating,0,12,right,1,True,350.0,23.223021,25.717262,2.494241,0.0,True,0.024,17.197,240.234375
vysyn-worker1,alternating,0,13,left,0,True,350.0,29.604785,32.431034,2.826249,0.0,True,0.026,22.487,240.234375
vysyn-worker1,alternating,0,14,right,1,True,350.0,23.900301,27.316357,3.416056,0.0,True,0.017,16.697,240.234375
vysyn-worker1,alternating,0,15,left,0,True,350.0,29.363838,32.223939,2.860101,0.0,True,0.025,22.344,240.234375
vysyn-worker1,slow,1,0,right,1,True,1000.0,36.73897,39.922764,3.183794,0.0,True,0.015,14.817,240.34765625
vysyn-worker1,slow,1,1,right,2,True,1000.0,34.328074,37.778735,3.450661,0.0,True,0.024,28.052,240.34765625
vysyn-worker1,slow,1,2,right,3,True,1000.0,23.509504,26.133326,2.623822,0.0,True,0.018,16.779,240.34765625
vysyn-worker1,slow,1,3,right,0,True,1000.0,35.321474,38.16274,2.841266,0.0,True,0.018,28.098,240.34765625
vysyn-worker1,slow,1,4,right,1,True,1000.0,22.951767,25.179672,2.227905,0.0,True,0.018,16.284,240.34765625
vysyn-worker1,slow,1,5,right,2,True,1000.0,34.958428,38.18956,3.231132,0.0,True,0.023,28.521,240.34765625
vysyn-worker1,slow,1,6,right,3,True,1000.0,23.647682,26.323671,2.675989,0.0,True,0.041,16.793,240.34765625
vysyn-worker1,slow,1,7,right,0,True,1000.0,29.516742,32.282729,2.765987,0.0,True,0.018,23.598,240.34765625
vysyn-worker1,slow,1,8,right,1,True,1000.0,22.889742,25.656189,2.766447,0.0,True,0.018,16.673,240.34765625
vysyn-worker1,slow,1,9,right,2,True,1000.0,30.135765,33.336531,3.200766,0.0,True,0.018,23.077,240.34765625
vysyn-worker1,slow,1,10,right,3,True,1000.0,23.110773,26.046556,2.935783,0.0,True,0.019,16.606,240.34765625
vysyn-worker1,slow,1,11,right,0,True,1000.0,29.242112,31.978584,2.736472,0.0,True,0.018,23.151,240.34765625
vysyn-worker1,slow,1,12,right,1,True,1000.0,33.647389,37.547987,3.900598,0.0,True,0.018,16.696,240.34765625
vysyn-worker1,slow,1,13,right,2,True,1000.0,31.032403,34.246003,3.2136,0.0,True,0.025,23.298,240.34765625
vysyn-worker1,slow,1,14,right,3,True,1000.0,24.841925,27.847257,3.005332,0.0,True,0.018,17.271,240.34765625
vysyn-worker1,slow,1,15,right,0,True,1000.0,30.648138,33.435855,2.787717,0.0,True,0.02,23.625,240.34765625
vysyn-worker1,fast,1,0,right,1,True,250.0,24.170305,26.893311,2.723006,0.0,True,0.015,16.319,231.859375
vysyn-worker1,fast,1,1,right,2,False,250.0,,,,,False,199.854,254.499,231.859375
vysyn-worker1,fast,1,2,right,3,True,250.0,67.474103,71.530591,4.056488,0.0,True,0.003,24.471,231.859375
vysyn-worker1,fast,1,3,right,0,True,250.0,24.883863,27.084307,2.200444,0.0,True,0.02,18.102,231.859375
vysyn-worker1,fast,1,4,right,1,True,250.0,29.913181,32.538456,2.625275,0.0,True,0.027,22.818,231.859375
vysyn-worker1,fast,1,5,right,2,True,250.0,30.286546,33.003611,2.717065,0.0,True,0.018,23.78,231.859375
vysyn-worker1,fast,1,6,right,3,True,250.0,30.635254,33.636208,3.000954,0.0,True,0.025,22.981,231.859375
vysyn-worker1,fast,1,7,right,0,True,250.0,30.413111,32.943549,2.530438,0.0,True,0.018,23.758,231.859375
vysyn-worker1,fast,1,8,right,1,True,250.0,29.959007,32.214714,2.255707,0.0,True,0.019,23.529,231.859375
vysyn-worker1,fast,1,9,right,2,True,250.0,30.405848,33.057742,2.651894,0.0,True,0.017,23.405,231.859375
vysyn-worker1,fast,1,10,right,3,True,250.0,29.933209,32.96502,3.031811,0.0,True,0.026,22.598,231.859375
vysyn-worker1,fast,1,11,right,0,True,250.0,30.107543,32.433181,2.325638,0.0,True,0.024,23.545,231.859375
vysyn-worker1,fast,1,12,right,1,True,250.0,28.681659,31.402672,2.721013,0.0,True,0.026,22.619,231.859375
vysyn-worker1,fast,1,13,right,2,True,250.0,30.581254,33.386975,2.805721,0.0,True,0.027,23.458,231.859375
vysyn-worker1,fast,1,14,right,3,True,250.0,30.47156,33.522798,3.051238,0.0,True,0.025,23.454,231.859375
vysyn-worker1,fast,1,15,right,0,True,250.0,30.892153,33.3301,2.437947,0.0,True,0.024,23.654,231.859375
vysyn-worker1,alternating,1,0,right,1,True,350.0,23.890505,26.312612,2.422107,0.0,True,0.021,15.93,240.6328125
vysyn-worker1,alternating,1,1,left,0,True,350.0,29.372115,32.140707,2.768592,0.0,True,0.017,22.877,240.6328125
vysyn-worker1,alternating,1,2,right,1,True,350.0,23.781222,26.138578,2.357356,0.0,True,0.018,16.995,240.6328125
vysyn-worker1,alternating,1,3,left,0,True,350.0,28.330376,31.123744,2.793368,0.0,True,0.018,22.546,240.6328125
vysyn-worker1,alternating,1,4,right,1,True,350.0,22.944685,25.474502,2.529817,0.0,True,0.024,16.945,240.6328125
vysyn-worker1,alternating,1,5,left,0,True,350.0,28.308266,31.165743,2.857477,0.0,True,0.023,22.073,240.6328125
vysyn-worker1,alternating,1,6,right,1,True,350.0,22.992564,25.311499,2.318935,0.0,True,0.017,16.898,240.6328125
vysyn-worker1,alternating,1,7,left,0,True,350.0,28.838783,31.608907,2.770124,0.0,True,0.025,22.741,240.6328125
vysyn-worker1,alternating,1,8,right,1,True,350.0,23.552907,25.858317,2.30541,0.0,True,0.024,16.892,240.6328125
vysyn-worker1,alternating,1,9,left,0,True,350.0,29.323244,31.909056,2.585812,0.0,True,0.025,22.689,240.6328125
vysyn-worker1,alternating,1,10,right,1,True,350.0,23.056062,25.299717,2.243655,0.0,True,0.018,16.376,240.6328125
vysyn-worker1,alternating,1,11,left,0,True,350.0,28.819717,31.521365,2.701648,0.0,True,0.017,22.18,240.6328125
vysyn-worker1,alternating,1,12,right,1,True,350.0,23.064367,25.308704,2.244337,0.0,True,0.025,16.109,240.6328125
vysyn-worker1,alternating,1,13,left,0,True,350.0,28.48791,31.160654,2.672744,0.0,True,0.024,22.001,240.6328125
vysyn-worker1,alternating,1,14,right,1,True,350.0,22.076058,24.722874,2.646816,0.0,True,0.022,17.073,240.6328125
vysyn-worker1,alternating,1,15,left,0,True,350.0,29.644552,32.375764,2.731212,0.0,True,0.018,22.368,240.6328125
vysyn-ram1024,slow,1,0,right,1,True,1000.0,23.862763,26.394114,2.531351,0.0,True,0.022,15.702,247.9140625
vysyn-ram1024,slow,1,1,right,2,True,1000.0,34.475682,37.964444,3.488762,0.0,True,0.018,28.252,247.9140625
vysyn-ram1024,slow,1,2,right,3,True,1000.0,22.876809,25.309396,2.432587,0.0,True,0.017,16.791,247.9140625
vysyn-ram1024,slow,1,3,right,0,True,1000.0,34.670505,37.67191,3.001405,0.0,True,0.017,28.177,247.9140625
vysyn-ram1024,slow,1,4,right,1,True,1000.0,22.827728,25.71433,2.886602,0.0,True,0.017,16.809,247.9140625
vysyn-ram1024,slow,1,5,right,2,True,1000.0,35.159756,38.702158,3.542402,0.0,True,0.018,28.498,247.9140625
vysyn-ram1024,slow,1,6,right,3,True,1000.0,23.440448,26.170669,2.730221,0.0,True,0.017,17.338,247.9140625
vysyn-ram1024,slow,1,7,right,0,True,1000.0,29.808478,32.542355,2.733877,0.0,True,0.018,23.384,247.9140625
vysyn-ram1024,slow,1,8,right,1,True,1000.0,23.792543,26.673454,2.880911,0.0,True,0.017,16.817,247.9140625
vysyn-ram1024,slow,1,9,right,2,True,1000.0,30.672015,33.814783,3.142768,0.0,True,0.018,23.497,247.9140625
vysyn-ram1024,slow,1,10,right,3,True,1000.0,23.712124,26.899194,3.18707,0.0,True,0.017,16.881,247.9140625
vysyn-ram1024,slow,1,11,right,0,True,1000.0,31.162959,33.885255,2.722296,0.0,True,0.022,23.425,247.9140625
vysyn-ram1024,slow,1,12,right,1,True,1000.0,23.7314,26.70329,2.97189,0.0,True,0.026,18.144,247.9140625
vysyn-ram1024,slow,1,13,right,2,True,1000.0,30.306865,33.79726,3.490395,0.0,True,0.019,23.206,247.9140625
vysyn-ram1024,slow,1,14,right,3,True,1000.0,24.745527,27.8155,3.069973,0.0,True,0.019,17.075,247.9140625
vysyn-ram1024,slow,1,15,right,0,True,1000.0,30.732568,33.514385,2.781817,0.0,True,0.018,23.09,247.9140625
vysyn-ram1024,fast,1,0,right,1,True,250.0,24.318162,26.76777,2.449608,0.0,True,0.027,15.945,239.28125
vysyn-ram1024,fast,1,1,right,2,False,250.0,,,,,,,,239.28125
vysyn-ram1024,fast,1,2,right,3,True,250.0,31.984728,35.297062,3.312334,0.0,True,0.02,23.55,239.28125
vysyn-ram1024,fast,1,3,right,0,True,250.0,26.21904,28.576447,2.357407,0.0,True,0.015,18.035,239.28125
vysyn-ram1024,fast,1,4,right,1,True,250.0,24.927106,27.793359,2.866253,0.0,True,0.014,17.509,239.28125
vysyn-ram1024,fast,1,5,right,2,True,250.0,30.784175,33.655578,2.871403,0.0,True,0.019,23.1,239.28125
vysyn-ram1024,fast,1,6,right,3,True,250.0,30.433692,33.407155,2.973463,0.0,True,0.025,22.897,239.28125
vysyn-ram1024,fast,1,7,right,0,True,250.0,30.639174,33.320364,2.68119,0.0,True,0.025,23.371,239.28125
vysyn-ram1024,fast,1,8,right,1,True,250.0,29.885292,32.461736,2.576444,0.0,True,0.019,22.669,239.28125
vysyn-ram1024,fast,1,9,right,2,True,250.0,30.993525,33.849739,2.856214,0.0,True,0.027,23.8,239.28125
vysyn-ram1024,fast,1,10,right,3,True,250.0,29.793772,32.8236,3.029828,0.0,True,0.017,23.026,239.28125
vysyn-ram1024,fast,1,11,right,0,True,250.0,29.665733,32.034221,2.368488,0.0,True,0.02,23.575,239.28125
vysyn-ram1024,fast,1,12,right,1,True,250.0,29.141478,31.815344,2.673866,0.0,True,0.02,22.362,239.28125
vysyn-ram1024,fast,1,13,right,2,True,250.0,30.20159,32.971635,2.770045,0.0,True,0.02,23.739,239.28125
vysyn-ram1024,fast,1,14,right,3,True,250.0,29.505285,32.543638,3.038353,0.0,True,0.021,22.668,239.28125
vysyn-ram1024,fast,1,15,right,0,True,250.0,29.592978,31.831865,2.238887,0.0,True,0.022,23.131,239.28125
vysyn-ram1024,alternating,1,0,right,1,True,350.0,38.516834,41.848363,3.331529,0.0,True,0.02,15.315,247.76953125
vysyn-ram1024,alternating,1,1,left,0,True,350.0,28.683747,31.68412,3.000373,0.0,True,0.019,22.052,247.76953125
vysyn-ram1024,alternating,1,2,right,1,True,350.0,23.479903,25.931154,2.451251,0.0,True,0.025,16.868,247.76953125
vysyn-ram1024,alternating,1,3,left,0,True,350.0,29.117003,31.878912,2.761909,0.0,True,0.025,22.679,247.76953125
vysyn-ram1024,alternating,1,4,right,1,True,350.0,23.17766,25.50983,2.33217,0.0,True,0.018,16.689,247.76953125
vysyn-ram1024,alternating,1,5,left,0,True,350.0,27.916969,30.594472,2.677503,0.0,True,0.018,21.682,247.76953125
vysyn-ram1024,alternating,1,6,right,1,True,350.0,23.154086,25.60655,2.452464,0.0,True,0.018,16.582,247.76953125
vysyn-ram1024,alternating,1,7,left,0,True,350.0,29.537856,32.271303,2.733447,0.0,True,0.026,22.551,247.76953125
vysyn-ram1024,alternating,1,8,right,1,True,350.0,23.798917,26.174307,2.37539,0.0,True,0.018,16.72,247.76953125
vysyn-ram1024,alternating,1,9,left,0,True,350.0,28.671313,31.929566,3.258253,0.0,True,0.018,21.843,247.76953125
vysyn-ram1024,alternating,1,10,right,1,True,350.0,22.3821,24.715251,2.333151,0.0,True,0.018,16.262,247.76953125
vysyn-ram1024,alternating,1,11,left,0,True,350.0,29.307467,32.20011,2.892643,0.0,True,0.017,22.456,247.76953125
vysyn-ram1024,alternating,1,12,right,1,True,350.0,23.020448,25.309778,2.28933,0.0,True,0.027,16.894,247.76953125
vysyn-ram1024,alternating,1,13,left,0,True,350.0,29.323527,31.999637,2.67611,0.0,True,0.02,22.223,247.76953125
vysyn-ram1024,alternating,1,14,right,1,True,350.0,23.740318,26.056708,2.31639,0.0,True,0.018,16.883,247.76953125
vysyn-ram1024,alternating,1,15,left,0,True,350.0,29.521665,32.374093,2.852428,0.0,True,0.017,22.479,247.76953125
